id,first_name,last_name,email,gender,ip_address
1,Demetris,Reinert,dreinert0@walmart.com,Male,178.58.50.254
2,Marketa,Aspinal,maspinal1@nydailynews.com,Agender,17.147.125.242
3,Ruthann,Pellingar,rpellingar2@disqus.com,Female,75.4.21.30
4,Zane,Grogor,zgrogor3@google.fr,Male,21.209.170.240
5,Farrah,Witherup,fwitherup4@discovery.com,Female,182.56.64.180
6,Felice,Barwise,fbarwise5@businessweek.com,Female,40.231.227.46
7,Urban,Eede,ueede6@php.net,Male,134.199.66.211
8,Ynes,Eskrick,yeskrick7@springer.com,Female,165.93.10.215
9,Tod,Tofanelli,ttofanelli8@google.de,Male,70.78.146.183
10,Elmore,Lamy,elamy9@irs.gov,Male,31.62.242.220
11,Bary,Pryce,bprycea@arizona.edu,Male,166.78.88.88
12,Shawn,Stoyell,sstoyellb@blogspot.com,Female,128.14.50.147
13,Corey,Milvarnie,cmilvarniec@jimdo.com,Polygender,243.44.72.123
14,Louella,Richemond,lrichemondd@sogou.com,Female,148.111.100.140
15,Eldridge,Harridge,eharridgee@patch.com,Male,170.189.130.159
16,Shandee,Ramiro,sramirof@bravesites.com,Female,98.43.134.13
17,Carolynn,Felgat,cfelgatg@earthlink.net,Female,73.209.90.104
18,Elvera,Redmire,eredmireh@nymag.com,Female,117.195.194.189
19,Timmie,Rutgers,trutgersi@surveymonkey.com,Female,75.253.212.69
20,Patin,Assiratti,passirattij@fda.gov,Male,222.48.34.47
21,Chilton,Duker,cdukerk@hp.com,Male,23.83.158.145
22,Winnie,Laugier,wlaugierl@quantcast.com,Male,155.2.109.58
23,Thane,Klaesson,tklaessonm@miitbeian.gov.cn,Male,19.247.66.62
24,Terence,Barling,tbarlingn@constantcontact.com,Male,186.75.80.246
25,Gwendolen,Haggish,ghaggisho@123-reg.co.uk,Female,27.252.206.135
26,Joelly,Corbishley,jcorbishleyp@people.com.cn,Non-binary,85.11.143.52
27,Ginger,Spiers,gspiersq@miitbeian.gov.cn,Male,166.142.137.44
28,Fraze,Papworth,fpapworthr@ebay.co.uk,Male,164.242.9.222
29,Rory,Marousek,rmarouseks@wikimedia.org,Female,100.185.99.39
30,Rancell,Tuxell,rtuxellt@edublogs.org,Male,8.182.95.54
31,Philippine,Tomlinson,ptomlinsonu@google.com.br,Female,139.205.128.113
32,Lance,Gounel,lgounelv@squarespace.com,Male,199.107.203.106
33,Siouxie,Withinshaw,swithinshaww@sciencedirect.com,Female,170.162.237.15
34,Winny,Bresnen,wbresnenx@ox.ac.uk,Male,112.196.72.12
35,Thacher,Fulun,tfuluny@mlb.com,Male,77.126.128.114
36,Gib,Conquest,gconquestz@nbcnews.com,Male,167.108.32.177
37,Elysee,Turtle,eturtle10@wiley.com,Female,201.95.84.117
38,Kirby,Kollaschek,kkollaschek11@studiopress.com,Male,32.6.1.41
39,Lyon,Epps,lepps12@dmoz.org,Male,67.92.3.177
40,Elwira,Tills,etills13@storify.com,Female,232.22.54.103
41,Carlee,Bradley,cbradley14@whitehouse.gov,Female,229.170.99.123
42,Quintana,Cromleholme,qcromleholme15@yandex.ru,Female,63.14.39.114
43,Charleen,Lorenz,clorenz16@jugem.jp,Female,101.151.12.116
44,Crysta,Chessill,cchessill17@bizjournals.com,Female,190.214.79.40
45,Monique,Compson,mcompson18@dell.com,Female,168.169.235.211
46,Angeli,Ikin,aikin19@cafepress.com,Male,60.180.144.122
47,Meade,Wurz,mwurz1a@topsy.com,Male,39.165.211.228
48,Neda,Heers,nheers1b@sourceforge.net,Female,105.14.164.150
49,Lauretta,Rathborne,lrathborne1c@ning.com,Female,43.188.204.227
50,Orion,Dimbylow,odimbylow1d@linkedin.com,Male,224.169.67.222
51,Ralf,Cheves,rcheves1e@feedburner.com,Male,17.53.51.255
52,Humbert,Gainsborough,hgainsborough1f@youku.com,Male,216.25.185.249
53,Barret,Shortland,bshortland1g@unblog.fr,Genderqueer,150.176.162.132
54,Ryon,Owthwaite,rowthwaite1h@tinypic.com,Male,154.206.183.156
55,Frank,Peever,fpeever1i@wordpress.org,Male,180.141.135.55
56,Erda,Goslin,egoslin1j@macromedia.com,Female,159.164.246.136
57,Staford,Ricart,sricart1k@youtu.be,Agender,78.223.185.123
58,Lon,Tenwick,ltenwick1l@flickr.com,Male,108.204.141.142
59,Barry,Gentery,bgentery1m@youtu.be,Male,64.159.97.87
60,Aldus,Ormston,aormston1n@unesco.org,Male,124.176.74.204
61,Kippie,Corkett,kcorkett1o@surveymonkey.com,Male,35.238.213.55
62,Marlane,Housbey,mhousbey1p@amazon.de,Female,136.145.114.149
63,Niles,Hazeldean,nhazeldean1q@wisc.edu,Male,31.82.236.233
64,Kele,Schwander,kschwander1r@bandcamp.com,Male,231.32.80.65
65,Kata,Eustis,keustis1s@sourceforge.net,Female,227.72.153.83
66,Chrystel,Lamburn,clamburn1t@wisc.edu,Female,183.205.195.56
67,Rufus,De Giorgis,rdegiorgis1u@netlog.com,Male,181.224.60.82
68,Doloritas,Goymer,dgoymer1v@usda.gov,Female,130.72.111.247
69,Rianon,Cummins,rcummins1w@360.cn,Female,220.236.236.10
70,Kirbee,Emney,kemney1x@jiathis.com,Female,198.251.102.147
71,Alisha,Rains,arains1y@mozilla.org,Bigender,246.64.46.52
72,Angy,Gerrelt,agerrelt1z@cargocollective.com,Female,184.170.227.52
73,Shayla,Prendeguest,sprendeguest20@cbsnews.com,Female,136.57.51.77
74,Obie,Kinner,okinner21@gizmodo.com,Male,185.251.103.145
75,Leland,Ife,life22@goo.ne.jp,Male,3.115.21.154
76,Susanetta,Sahnow,ssahnow23@canalblog.com,Genderqueer,232.233.142.209
77,Micheline,Spilstead,mspilstead24@arizona.edu,Female,254.238.248.141
78,Sarita,Baythorp,sbaythorp25@elegantthemes.com,Female,31.242.115.239
79,Gael,Gohn,ggohn26@usa.gov,Female,166.165.230.77
80,Berton,Freebury,bfreebury27@sbwire.com,Genderfluid,167.143.102.92
81,Kaela,Spradbery,kspradbery28@google.com.hk,Female,33.137.41.180
82,Frederich,Lanigan,flanigan29@dedecms.com,Male,104.169.186.113
83,Gusti,Hands,ghands2a@cdbaby.com,Female,30.192.44.207
84,Nicolais,Lockhead,nlockhead2b@howstuffworks.com,Male,235.154.109.92
85,Eirena,MacCartair,emaccartair2c@ovh.net,Female,194.28.84.204
86,Sharlene,Longfut,slongfut2d@guardian.co.uk,Female,32.115.17.59
87,Dasi,Vodden,dvodden2e@blinklist.com,Female,221.61.93.128
88,Vitoria,Duckering,vduckering2f@drupal.org,Female,170.2.158.4
89,Orion,Verring,overring2g@webmd.com,Male,28.112.120.86
90,Terry,Weeks,tweeks2h@alexa.com,Genderqueer,56.117.122.172
91,Melodee,Kroll,mkroll2i@flickr.com,Female,64.75.9.46
92,Efren,Cato,ecato2j@is.gd,Male,120.3.110.123
93,Amil,Culp,aculp2k@constantcontact.com,Female,123.135.68.238
94,Katharyn,Cona,kcona2l@sciencedirect.com,Polygender,143.86.54.192
95,Kaitlyn,Reder,kreder2m@si.edu,Female,231.13.184.11
96,Mechelle,Roistone,mroistone2n@howstuffworks.com,Female,252.37.42.46
97,Klarrisa,Dunnion,kdunnion2o@japanpost.jp,Female,162.195.118.16
98,Trefor,Tunbridge,ttunbridge2p@fema.gov,Male,91.153.100.168
99,Kaiser,Jozefczak,kjozefczak2q@mail.ru,Male,4.169.26.116
100,Georgetta,Chawkley,gchawkley2r@digg.com,Female,243.80.153.214
